path,label,subset
Real World Testing/drone/drone+helicopter_01.wav,1,drone_helicopter
Real World Testing/drone/drone+helicopter_02.wav,1,drone_helicopter
Real World Testing/drone/drone+helicopter_03.wav,1,drone_helicopter
Real World Testing/drone/drone+helicopter_04.wav,1,drone_helicopter
Real World Testing/drone/drone+helicopter_05.wav,1,drone_helicopter
Real World Testing/drone/drone+helicopter_06.wav,1,drone_helicopter
Real World Testing/drone/drone+helicopter_07.wav,1,drone_helicopter
Real World Testing/drone/drone+helicopter_08.wav,1,drone_helicopter
Real World Testing/drone/drone+helicopter_09.wav,1,drone_helicopter
Real World Testing/drone/drone+helicopter_10.wav,1,drone_helicopter
Real World Testing/drone/drone+helicopter_11.wav,1,drone_helicopter
Real World Testing/drone/drone+helicopter_12.wav,1,drone_helicopter
Real World Testing/drone/drone+helicopter_13.wav,1,drone_helicopter
Real World Testing/drone/drone+helicopter_14.wav,1,drone_helicopter
Real World Testing/drone/drone+helicopter_15.wav,1,drone_helicopter
Real World Testing/drone/drone+helicopter_16.wav,1,drone_helicopter
Real World Testing/drone/drone+helicopter_17.wav,1,drone_helicopter
Real World Testing/drone/drone+helicopter_18.wav,1,drone_helicopter
Real World Testing/drone/drone+helicopter_19.wav,1,drone_helicopter
Real World Testing/drone/drone+helicopter_20.wav,1,drone_helicopter
Real World Testing/drone/drone+helicopter_21.wav,1,drone_helicopter
Real World Testing/drone/drone+helicopter_22.wav,1,drone_helicopter
Real World Testing/drone/drone+helicopter_23.wav,1,drone_helicopter
Real World Testing/drone/drone+helicopter_24.wav,1,drone_helicopter
Real World Testing/drone/drone+helicopter_25.wav,1,drone_helicopter
Real World Testing/drone/drone+helicopter_26.wav,1,drone_helicopter
Real World Testing/drone/drone+helicopter_27.wav,1,drone_helicopter
Real World Testing/drone/drone+helicopter_28.wav,1,drone_helicopter
Real World Testing/drone/drone+helicopter_29.wav,1,drone_helicopter
Real World Testing/drone/drone+helicopter_30.wav,1,drone_helicopter
Real World Testing/drone/drone+helicopter_31.wav,1,drone_helicopter
Real World Testing/drone/drone+helicopter_32.wav,1,drone_helicopter
Real World Testing/drone/drone+helicopter_33.wav,1,drone_helicopter
Real World Testing/drone/drone+helicopter_34.wav,1,drone_helicopter
Real World Testing/drone/drone+helicopter_35.wav,1,drone_helicopter
Real World Testing/drone/drone+helicopter_36.wav,1,drone_helicopter
Real World Testing/drone/drone+helicopter_37.wav,1,drone_helicopter
Real World Testing/drone/drone+helicopter_38.wav,1,drone_helicopter
Real World Testing/drone/drone+helicopter_39.wav,1,drone_helicopter
Real World Testing/drone/drone+helicopter_40.wav,1,drone_helicopter
Real World Testing/drone/drone+helicopter_41.wav,1,drone_helicopter
Real World Testing/drone/drone+helicopter_42.wav,1,drone_helicopter
Real World Testing/drone/drone+helicopter_43.wav,1,drone_helicopter
Real World Testing/drone/drone+helicopter_44.wav,1,drone_helicopter
Real World Testing/drone/drone+helicopter_45.wav,1,drone_helicopter
Real World Testing/drone/drone+helicopter_46.wav,1,drone_helicopter
Real World Testing/drone/drone+helicopter_47.wav,1,drone_helicopter
Real World Testing/drone/drone+helicopter_48.wav,1,drone_helicopter
Real World Testing/drone/drone+helicopter_49.wav,1,drone_helicopter
Real World Testing/drone/drone+helicopter_50.wav,1,drone_helicopter
Real World Testing/drone/drone+helicopter_51.wav,1,drone_helicopter
Real World Testing/drone/drone+helicopter_52.wav,1,drone_helicopter
Real World Testing/drone/drone+helicopter_53.wav,1,drone_helicopter
Real World Testing/drone/drone+helicopter_54.wav,1,drone_helicopter
Real World Testing/drone/drone+helicopter_55.wav,1,drone_helicopter
Real World Testing/drone/drone+helicopter_56.wav,1,drone_helicopter
Real World Testing/drone/drone+helicopter_57.wav,1,drone_helicopter
Real World Testing/drone/drone+helicopter_58.wav,1,drone_helicopter
Real World Testing/drone/drone+helicopter_59.wav,1,drone_helicopter
Real World Testing/drone/drone+helicopter_60.wav,1,drone_helicopter
Real World Testing/drone/drone+traffic_garden_center_carpark_001.wav,1,drone_traffic
Real World Testing/drone/drone+traffic_garden_center_carpark_002.wav,1,drone_traffic
Real World Testing/drone/drone+traffic_garden_center_carpark_003.wav,1,drone_traffic
Real World Testing/drone/drone+traffic_garden_center_carpark_004.wav,1,drone_traffic
Real World Testing/drone/drone+traffic_garden_center_carpark_005.wav,1,drone_traffic
Real World Testing/drone/drone+traffic_garden_center_carpark_006.wav,1,drone_traffic
Real World Testing/drone/drone+traffic_garden_center_carpark_007.wav,1,drone_traffic
Real World Testing/drone/drone+traffic_garden_center_carpark_008.wav,1,drone_traffic
Real World Testing/drone/drone+traffic_garden_center_carpark_009.wav,1,drone_traffic
Real World Testing/drone/drone+traffic_garden_center_carpark_010.wav,1,drone_traffic
Real World Testing/drone/drone+traffic_garden_center_carpark_011.wav,1,drone_traffic
Real World Testing/drone/drone+traffic_garden_center_carpark_012.wav,1,drone_traffic
Real World Testing/drone/drone+traffic_garden_center_carpark_013.wav,1,drone_traffic
Real World Testing/drone/drone+traffic_garden_center_carpark_014.wav,1,drone_traffic
Real World Testing/drone/drone+traffic_garden_center_carpark_015.wav,1,drone_traffic
Real World Testing/drone/drone+traffic_garden_center_carpark_016.wav,1,drone_traffic
Real World Testing/drone/drone+traffic_garden_center_carpark_017.wav,1,drone_traffic
Real World Testing/drone/drone+traffic_garden_center_carpark_018.wav,1,drone_traffic
Real World Testing/drone/drone+traffic_garden_center_carpark_019.wav,1,drone_traffic
Real World Testing/drone/drone+traffic_garden_center_carpark_020.wav,1,drone_traffic
Real World Testing/drone/drone+traffic_garden_center_carpark_021.wav,1,drone_traffic
Real World Testing/drone/drone+traffic_garden_center_carpark_022.wav,1,drone_traffic
Real World Testing/drone/drone+traffic_garden_center_carpark_023.wav,1,drone_traffic
Real World Testing/drone/drone+traffic_garden_center_carpark_024.wav,1,drone_traffic
Real World Testing/drone/drone+traffic_garden_center_carpark_025.wav,1,drone_traffic
Real World Testing/drone/drone+traffic_garden_center_carpark_026.wav,1,drone_traffic
Real World Testing/drone/drone+traffic_garden_center_carpark_027.wav,1,drone_traffic
Real World Testing/drone/drone+traffic_garden_center_carpark_028.wav,1,drone_traffic
Real World Testing/drone/drone+traffic_garden_center_carpark_029.wav,1,drone_traffic
Real World Testing/drone/drone+traffic_garden_center_carpark_030.wav,1,drone_traffic
Real World Testing/drone/drone+traffic_garden_center_carpark_031.wav,1,drone_traffic
Real World Testing/drone/drone+traffic_garden_center_carpark_032.wav,1,drone_traffic
Real World Testing/drone/drone+traffic_garden_center_carpark_033.wav,1,drone_traffic
Real World Testing/drone/drone+traffic_garden_center_carpark_034.wav,1,drone_traffic
Real World Testing/drone/drone+traffic_garden_center_carpark_035.wav,1,drone_traffic
Real World Testing/drone/drone+traffic_garden_center_carpark_036.wav,1,drone_traffic
Real World Testing/drone/drone+traffic_garden_center_carpark_037.wav,1,drone_traffic
Real World Testing/drone/drone+traffic_garden_center_carpark_038.wav,1,drone_traffic
Real World Testing/drone/drone+traffic_garden_center_carpark_039.wav,1,drone_traffic
Real World Testing/drone/drone+traffic_garden_center_carpark_040.wav,1,drone_traffic
Real World Testing/drone/drone+traffic_garden_center_carpark_041.wav,1,drone_traffic
Real World Testing/drone/drone+traffic_garden_center_carpark_042.wav,1,drone_traffic
Real World Testing/drone/drone+traffic_garden_center_carpark_043.wav,1,drone_traffic
Real World Testing/drone/drone+traffic_garden_center_carpark_044.wav,1,drone_traffic
Real World Testing/drone/drone+traffic_garden_center_carpark_045.wav,1,drone_traffic
Real World Testing/drone/drone+traffic_garden_center_carpark_046.wav,1,drone_traffic
Real World Testing/drone/drone+traffic_garden_center_carpark_047.wav,1,drone_traffic
Real World Testing/drone/drone+traffic_garden_center_carpark_048.wav,1,drone_traffic
Real World Testing/drone/drone+traffic_garden_center_carpark_049.wav,1,drone_traffic
Real World Testing/drone/drone+traffic_garden_center_carpark_050.wav,1,drone_traffic
Real World Testing/drone/drone+traffic_garden_center_carpark_051.wav,1,drone_traffic
Real World Testing/drone/drone+traffic_garden_center_carpark_052.wav,1,drone_traffic
Real World Testing/drone/drone+traffic_garden_center_carpark_053.wav,1,drone_traffic
Real World Testing/drone/drone+traffic_garden_center_carpark_054.wav,1,drone_traffic
Real World Testing/drone/drone+traffic_garden_center_carpark_055.wav,1,drone_traffic
Real World Testing/drone/drone+traffic_garden_center_carpark_056.wav,1,drone_traffic
Real World Testing/drone/drone+traffic_garden_center_carpark_057.wav,1,drone_traffic
Real World Testing/drone/drone+traffic_garden_center_carpark_058.wav,1,drone_traffic
Real World Testing/drone/drone+traffic_garden_center_carpark_059.wav,1,drone_traffic
Real World Testing/drone/drone+traffic_garden_center_carpark_060.wav,1,drone_traffic
Real World Testing/drone/drone+traffic_garden_center_carpark_061.wav,1,drone_traffic
Real World Testing/drone/drone+traffic_garden_center_carpark_062.wav,1,drone_traffic
Real World Testing/drone/drone+traffic_garden_center_carpark_063.wav,1,drone_traffic
Real World Testing/drone/drone+traffic_garden_center_carpark_064.wav,1,drone_traffic
Real World Testing/drone/drone+traffic_garden_center_carpark_065.wav,1,drone_traffic
Real World Testing/drone/drone+traffic_garden_center_carpark_066.wav,1,drone_traffic
Real World Testing/drone/drone+traffic_garden_center_carpark_067.wav,1,drone_traffic
Real World Testing/drone/drone+traffic_garden_center_carpark_068.wav,1,drone_traffic
Real World Testing/drone/drone+traffic_garden_center_carpark_069.wav,1,drone_traffic
Real World Testing/drone/drone+traffic_garden_center_carpark_070.wav,1,drone_traffic
Real World Testing/drone/drone+traffic_garden_center_carpark_071.wav,1,drone_traffic
Real World Testing/drone/drone+traffic_garden_center_carpark_072.wav,1,drone_traffic
Real World Testing/drone/drone+traffic_garden_center_carpark_073.wav,1,drone_traffic
Real World Testing/drone/drone+traffic_garden_center_carpark_074.wav,1,drone_traffic
Real World Testing/drone/drone+traffic_garden_center_carpark_075.wav,1,drone_traffic
Real World Testing/drone/drone+traffic_garden_center_carpark_076.wav,1,drone_traffic
Real World Testing/drone/drone+traffic_garden_center_carpark_077.wav,1,drone_traffic
Real World Testing/drone/drone+traffic_garden_center_carpark_078.wav,1,drone_traffic
Real World Testing/drone/drone+traffic_garden_center_carpark_079.wav,1,drone_traffic
Real World Testing/drone/drone+traffic_garden_center_carpark_080.wav,1,drone_traffic
Real World Testing/drone/drone+traffic_garden_center_carpark_081.wav,1,drone_traffic
Real World Testing/drone/drone+traffic_garden_center_carpark_082.wav,1,drone_traffic
Real World Testing/drone/drone+traffic_garden_center_carpark_083.wav,1,drone_traffic
Real World Testing/drone/drone+traffic_garden_center_carpark_084.wav,1,drone_traffic
Real World Testing/drone/drone+traffic_garden_center_carpark_085.wav,1,drone_traffic
Real World Testing/drone/drone+traffic_garden_center_carpark_086.wav,1,drone_traffic
Real World Testing/drone/drone+traffic_garden_center_carpark_087.wav,1,drone_traffic
Real World Testing/drone/drone+traffic_garden_center_carpark_088.wav,1,drone_traffic
Real World Testing/drone/drone+traffic_garden_center_carpark_089.wav,1,drone_traffic
Real World Testing/drone/drone+traffic_garden_center_carpark_090.wav,1,drone_traffic
Real World Testing/drone/drone+traffic_garden_center_carpark_091.wav,1,drone_traffic
Real World Testing/drone/drone+traffic_garden_center_carpark_092.wav,1,drone_traffic
Real World Testing/drone/drone+traffic_garden_center_carpark_093.wav,1,drone_traffic
Real World Testing/drone/drone+traffic_garden_center_carpark_094.wav,1,drone_traffic
Real World Testing/drone/drone+traffic_garden_center_carpark_095.wav,1,drone_traffic
Real World Testing/drone/drone+traffic_garden_center_carpark_096.wav,1,drone_traffic
Real World Testing/drone/drone+traffic_garden_center_carpark_097.wav,1,drone_traffic
Real World Testing/drone/drone+traffic_garden_center_carpark_098.wav,1,drone_traffic
Real World Testing/drone/drone+traffic_garden_center_carpark_099.wav,1,drone_traffic
Real World Testing/drone/drone+traffic_garden_center_carpark_100.wav,1,drone_traffic
Real World Testing/drone/drone+traffic_garden_center_carpark_101.wav,1,drone_traffic
Real World Testing/drone/drone+traffic_garden_center_carpark_102.wav,1,drone_traffic
Real World Testing/drone/drone+traffic_garden_center_carpark_103.wav,1,drone_traffic
Real World Testing/drone/drone+traffic_garden_center_carpark_104.wav,1,drone_traffic
Real World Testing/drone/drone+traffic_garden_center_carpark_105.wav,1,drone_traffic
Real World Testing/drone/drone+traffic_garden_center_carpark_106.wav,1,drone_traffic
Real World Testing/drone/drone+traffic_garden_center_carpark_107.wav,1,drone_traffic
Real World Testing/drone/drone+traffic_garden_center_carpark_108.wav,1,drone_traffic
Real World Testing/drone/drone+traffic_garden_center_carpark_109.wav,1,drone_traffic
Real World Testing/drone/drone+traffic_garden_center_carpark_110.wav,1,drone_traffic
Real World Testing/drone/drone+traffic_garden_center_carpark_111.wav,1,drone_traffic
Real World Testing/drone/drone+traffic_garden_center_carpark_112.wav,1,drone_traffic
Real World Testing/drone/drone+traffic_garden_center_carpark_113.wav,1,drone_traffic
Real World Testing/drone/drone+traffic_garden_center_carpark_114.wav,1,drone_traffic
Real World Testing/drone/drone+traffic_garden_center_carpark_115.wav,1,drone_traffic
Real World Testing/drone/drone+traffic_garden_center_carpark_116.wav,1,drone_traffic
Real World Testing/drone/drone+traffic_garden_center_carpark_117.wav,1,drone_traffic
Real World Testing/drone/drone+traffic_garden_center_carpark_118.wav,1,drone_traffic
Real World Testing/drone/drone+traffic_garden_center_carpark_119.wav,1,drone_traffic
Real World Testing/drone/drone+traffic_garden_center_carpark_120.wav,1,drone_traffic
Real World Testing/drone/drone+traffic_garden_center_carpark_121.wav,1,drone_traffic
Real World Testing/drone/drone+traffic_garden_center_carpark_122.wav,1,drone_traffic
Real World Testing/drone/drone+traffic_garden_center_carpark_123.wav,1,drone_traffic
Real World Testing/drone/drone+traffic_garden_center_carpark_124.wav,1,drone_traffic
Real World Testing/drone/drone+traffic_garden_center_carpark_125.wav,1,drone_traffic
Real World Testing/drone/drone+traffic_garden_center_carpark_126.wav,1,drone_traffic
Real World Testing/drone/drone+traffic_garden_center_carpark_127.wav,1,drone_traffic
Real World Testing/drone/drone+traffic_garden_center_carpark_128.wav,1,drone_traffic
Real World Testing/drone/drone+traffic_garden_center_carpark_129.wav,1,drone_traffic
Real World Testing/drone/drone+traffic_garden_center_carpark_130.wav,1,drone_traffic
Real World Testing/drone/drone+traffic_garden_center_carpark_131.wav,1,drone_traffic
Real World Testing/drone/drone+traffic_garden_center_carpark_132.wav,1,drone_traffic
Real World Testing/drone/drone+traffic_garden_center_carpark_133.wav,1,drone_traffic
Real World Testing/drone/drone+traffic_garden_center_carpark_134.wav,1,drone_traffic
Real World Testing/drone/drone+traffic_garden_center_carpark_135.wav,1,drone_traffic
Real World Testing/drone/drone+traffic_garden_center_carpark_136.wav,1,drone_traffic
Real World Testing/drone/drone+traffic_garden_center_carpark_137.wav,1,drone_traffic
Real World Testing/drone/drone+traffic_garden_center_carpark_138.wav,1,drone_traffic
Real World Testing/drone/drone+traffic_garden_center_carpark_139.wav,1,drone_traffic
Real World Testing/drone/drone+traffic_garden_center_carpark_140.wav,1,drone_traffic
Real World Testing/drone/drone+traffic_garden_center_carpark_141.wav,1,drone_traffic
Real World Testing/drone/drone+traffic_garden_center_carpark_142.wav,1,drone_traffic
Real World Testing/drone/drone+traffic_garden_center_carpark_143.wav,1,drone_traffic
Real World Testing/drone/drone+traffic_garden_center_carpark_144.wav,1,drone_traffic
Real World Testing/drone/drone+traffic_garden_center_carpark_145.wav,1,drone_traffic
Real World Testing/drone/drone+traffic_garden_center_carpark_146.wav,1,drone_traffic
Real World Testing/drone/drone+traffic_garden_center_carpark_147.wav,1,drone_traffic
Real World Testing/drone/drone+traffic_garden_center_carpark_148.wav,1,drone_traffic
Real World Testing/drone/drone+traffic_garden_center_carpark_149.wav,1,drone_traffic
Real World Testing/drone/drone+traffic_garden_center_carpark_150.wav,1,drone_traffic
Real World Testing/drone/drone+traffic_garden_center_carpark_151.wav,1,drone_traffic
Real World Testing/drone/drone+traffic_garden_center_carpark_152.wav,1,drone_traffic
Real World Testing/drone/drone+traffic_garden_center_carpark_153.wav,1,drone_traffic
Real World Testing/drone/drone+traffic_garden_center_carpark_154.wav,1,drone_traffic
Real World Testing/drone/drone+traffic_garden_center_carpark_155.wav,1,drone_traffic
Real World Testing/drone/drone+traffic_garden_center_carpark_156.wav,1,drone_traffic
Real World Testing/drone/drone+traffic_garden_center_carpark_157.wav,1,drone_traffic
Real World Testing/drone/drone+traffic_garden_center_carpark_158.wav,1,drone_traffic
Real World Testing/drone/drone+traffic_garden_center_carpark_159.wav,1,drone_traffic
Real World Testing/drone/drone+traffic_garden_center_carpark_160.wav,1,drone_traffic
Real World Testing/drone/drone+traffic_garden_center_carpark_161.wav,1,drone_traffic
Real World Testing/drone/drone+traffic_garden_center_carpark_162.wav,1,drone_traffic
Real World Testing/drone/drone+traffic_garden_center_carpark_163.wav,1,drone_traffic
Real World Testing/drone/drone+traffic_garden_center_carpark_164.wav,1,drone_traffic
Real World Testing/drone/drone+traffic_garden_center_carpark_165.wav,1,drone_traffic
Real World Testing/drone/drone+traffic_garden_center_carpark_166.wav,1,drone_traffic
Real World Testing/drone/drone+traffic_garden_center_carpark_167.wav,1,drone_traffic
Real World Testing/drone/drone+traffic_garden_center_carpark_168.wav,1,drone_traffic
Real World Testing/drone/drone+traffic_garden_center_carpark_169.wav,1,drone_traffic
Real World Testing/drone/drone+traffic_garden_center_carpark_170.wav,1,drone_traffic
Real World Testing/drone/drone+traffic_garden_center_carpark_171.wav,1,drone_traffic
Real World Testing/drone/drone+traffic_garden_center_carpark_172.wav,1,drone_traffic
Real World Testing/drone/drone+traffic_garden_center_carpark_173.wav,1,drone_traffic
Real World Testing/drone/drone+traffic_garden_center_carpark_174.wav,1,drone_traffic
Real World Testing/drone/drone+traffic_garden_center_carpark_175.wav,1,drone_traffic
Real World Testing/drone/drone+traffic_garden_center_carpark_176.wav,1,drone_traffic
Real World Testing/drone/drone+traffic_garden_center_carpark_177.wav,1,drone_traffic
Real World Testing/drone/drone+traffic_garden_center_carpark_178.wav,1,drone_traffic
Real World Testing/drone/drone+traffic_garden_center_carpark_179.wav,1,drone_traffic
Real World Testing/drone/drone+traffic_garden_center_carpark_180.wav,1,drone_traffic
Real World Testing/drone/drone+traffic_garden_center_carpark_181.wav,1,drone_traffic
Real World Testing/drone/drone+traffic_garden_center_carpark_182.wav,1,drone_traffic
Real World Testing/drone/drone+traffic_garden_center_carpark_183.wav,1,drone_traffic
Real World Testing/drone/drone+traffic_garden_center_carpark_184.wav,1,drone_traffic
Real World Testing/drone/drone+traffic_garden_center_carpark_185.wav,1,drone_traffic
Real World Testing/drone/drone+traffic_garden_center_carpark_186.wav,1,drone_traffic
Real World Testing/drone/drone+traffic_garden_center_carpark_187.wav,1,drone_traffic
Real World Testing/drone/drone+traffic_garden_center_carpark_188.wav,1,drone_traffic
Real World Testing/drone/drone+traffic_garden_center_carpark_189.wav,1,drone_traffic
Real World Testing/drone/drone+traffic_garden_center_carpark_190.wav,1,drone_traffic
Real World Testing/drone/drone+traffic_garden_center_carpark_191.wav,1,drone_traffic
Real World Testing/drone/drone+traffic_garden_center_carpark_192.wav,1,drone_traffic
Real World Testing/drone/drone+traffic_garden_center_carpark_193.wav,1,drone_traffic
Real World Testing/drone/drone+traffic_garden_center_carpark_194.wav,1,drone_traffic
Real World Testing/drone/drone+traffic_garden_center_carpark_195.wav,1,drone_traffic
Real World Testing/drone/drone+traffic_garden_center_carpark_196.wav,1,drone_traffic
Real World Testing/drone/drone+traffic_garden_center_carpark_197.wav,1,drone_traffic
Real World Testing/drone/drone+traffic_garden_center_carpark_198.wav,1,drone_traffic
Real World Testing/drone/drone+traffic_garden_center_carpark_199.wav,1,drone_traffic
Real World Testing/drone/drone+traffic_garden_center_carpark_200.wav,1,drone_traffic
Real World Testing/drone/drone+traffic_garden_center_carpark_201.wav,1,drone_traffic
Real World Testing/drone/drone+traffic_garden_center_carpark_202.wav,1,drone_traffic
Real World Testing/drone/drone+traffic_garden_center_carpark_203.wav,1,drone_traffic
Real World Testing/drone/drone+traffic_garden_center_carpark_204.wav,1,drone_traffic
Real World Testing/drone/drone+traffic_garden_center_carpark_205.wav,1,drone_traffic
Real World Testing/drone/drone+traffic_garden_center_carpark_206.wav,1,drone_traffic
Real World Testing/drone/drone+traffic_garden_center_carpark_207.wav,1,drone_traffic
Real World Testing/drone/drone+traffic_garden_center_carpark_208.wav,1,drone_traffic
Real World Testing/drone/drone+traffic_garden_center_carpark_209.wav,1,drone_traffic
Real World Testing/drone/drone+traffic_garden_center_carpark_210.wav,1,drone_traffic
Real World Testing/drone/drone+traffic_garden_center_carpark_211.wav,1,drone_traffic
Real World Testing/drone/drone+traffic_garden_center_carpark_212.wav,1,drone_traffic
Real World Testing/drone/drone+traffic_garden_center_carpark_213.wav,1,drone_traffic
Real World Testing/no drone/traffic_garden_center_carpark_001.wav,0,no_drone
Real World Testing/no drone/traffic_garden_center_carpark_002.wav,0,no_drone
Real World Testing/no drone/traffic_garden_center_carpark_003.wav,0,no_drone
Real World Testing/no drone/traffic_garden_center_carpark_004.wav,0,no_drone
Real World Testing/no drone/traffic_garden_center_carpark_005.wav,0,no_drone
Real World Testing/no drone/traffic_garden_center_carpark_006.wav,0,no_drone
Real World Testing/no drone/traffic_garden_center_carpark_007.wav,0,no_drone
Real World Testing/no drone/traffic_garden_center_carpark_008.wav,0,no_drone
Real World Testing/no drone/traffic_garden_center_carpark_009.wav,0,no_drone
Real World Testing/no drone/traffic_garden_center_carpark_010.wav,0,no_drone
Real World Testing/no drone/traffic_garden_center_carpark_011.wav,0,no_drone
Real World Testing/no drone/traffic_garden_center_carpark_012.wav,0,no_drone
Real World Testing/no drone/traffic_garden_center_carpark_013.wav,0,no_drone
Real World Testing/no drone/traffic_garden_center_carpark_014.wav,0,no_drone
Real World Testing/no drone/traffic_garden_center_carpark_015.wav,0,no_drone
Real World Testing/no drone/traffic_garden_center_carpark_016.wav,0,no_drone
Real World Testing/no drone/traffic_garden_center_carpark_017.wav,0,no_drone
Real World Testing/no drone/traffic_garden_center_carpark_018.wav,0,no_drone
Real World Testing/no drone/traffic_garden_center_carpark_019.wav,0,no_drone
Real World Testing/no drone/traffic_garden_center_carpark_020.wav,0,no_drone
Real World Testing/no drone/traffic_garden_center_carpark_021.wav,0,no_drone
Real World Testing/no drone/traffic_garden_center_carpark_033.wav,0,no_drone
Real World Testing/no drone/traffic_garden_center_carpark_034.wav,0,no_drone
Real World Testing/no drone/traffic_garden_center_carpark_035.wav,0,no_drone
Real World Testing/no drone/traffic_garden_center_carpark_036.wav,0,no_drone
Real World Testing/no drone/traffic_garden_center_carpark_037.wav,0,no_drone
Real World Testing/no drone/traffic_garden_center_carpark_038.wav,0,no_drone
Real World Testing/no drone/traffic_garden_center_carpark_039.wav,0,no_drone
Real World Testing/no drone/traffic_garden_center_carpark_040.wav,0,no_drone
Real World Testing/no drone/traffic_garden_center_carpark_041.wav,0,no_drone
Real World Testing/no drone/traffic_garden_center_carpark_042.wav,0,no_drone
Real World Testing/no drone/traffic_garden_center_carpark_043.wav,0,no_drone
Real World Testing/no drone/traffic_garden_center_carpark_044.wav,0,no_drone
Real World Testing/no drone/traffic_garden_center_carpark_045.wav,0,no_drone
Real World Testing/no drone/traffic_garden_center_carpark_046.wav,0,no_drone
Real World Testing/no drone/traffic_garden_center_carpark_047.wav,0,no_drone
Real World Testing/no drone/traffic_garden_center_carpark_048.wav,0,no_drone
Real World Testing/no drone/traffic_garden_center_carpark_049.wav,0,no_drone
Real World Testing/no drone/traffic_garden_center_carpark_050.wav,0,no_drone
Real World Testing/no drone/traffic_garden_center_carpark_051.wav,0,no_drone
Real World Testing/no drone/traffic_garden_center_carpark_052.wav,0,no_drone
Real World Testing/no drone/traffic_garden_center_carpark_053.wav,0,no_drone
Real World Testing/no drone/traffic_garden_center_carpark_054.wav,0,no_drone
Real World Testing/no drone/traffic_garden_center_carpark_055.wav,0,no_drone
Real World Testing/no drone/traffic_garden_center_carpark_056.wav,0,no_drone
Real World Testing/no drone/traffic_garden_center_carpark_057.wav,0,no_drone
Real World Testing/no drone/traffic_garden_center_carpark_058.wav,0,no_drone
Real World Testing/no drone/traffic_garden_center_carpark_059.wav,0,no_drone
Real World Testing/no drone/traffic_garden_center_carpark_060.wav,0,no_drone
Real World Testing/no drone/traffic_garden_center_carpark_061.wav,0,no_drone
Real World Testing/no drone/traffic_garden_center_carpark_062.wav,0,no_drone
Real World Testing/no drone/traffic_garden_center_carpark_063.wav,0,no_drone
Real World Testing/no drone/traffic_garden_center_carpark_064.wav,0,no_drone
Real World Testing/no drone/traffic_garden_center_carpark_065.wav,0,no_drone
Real World Testing/no drone/traffic_garden_center_carpark_066.wav,0,no_drone
Real World Testing/no drone/traffic_garden_center_carpark_067.wav,0,no_drone
Real World Testing/no drone/traffic_garden_center_carpark_068.wav,0,no_drone
Real World Testing/no drone/traffic_garden_center_carpark_069.wav,0,no_drone
Real World Testing/no drone/traffic_garden_center_carpark_070.wav,0,no_drone
Real World Testing/no drone/traffic_garden_center_carpark_071.wav,0,no_drone
Real World Testing/no drone/traffic_garden_center_carpark_072.wav,0,no_drone
Real World Testing/no drone/traffic_garden_center_carpark_073.wav,0,no_drone
Real World Testing/no drone/traffic_garden_center_carpark_074.wav,0,no_drone
Real World Testing/no drone/traffic_garden_center_carpark_075.wav,0,no_drone
Real World Testing/no drone/traffic_garden_center_carpark_076.wav,0,no_drone
Real World Testing/no drone/traffic_garden_center_carpark_077.wav,0,no_drone
Real World Testing/no drone/traffic_garden_center_carpark_078.wav,0,no_drone
Real World Testing/no drone/traffic_garden_center_carpark_079.wav,0,no_drone
Real World Testing/no drone/traffic_garden_center_carpark_080.wav,0,no_drone
Real World Testing/no drone/traffic_garden_center_carpark_081.wav,0,no_drone
Real World Testing/no drone/traffic_garden_center_carpark_082.wav,0,no_drone
Real World Testing/no drone/traffic_garden_center_carpark_083.wav,0,no_drone
Real World Testing/no drone/traffic_garden_center_carpark_084.wav,0,no_drone
Real World Testing/no drone/traffic_garden_center_carpark_085.wav,0,no_drone
Real World Testing/no drone/traffic_garden_center_carpark_086.wav,0,no_drone
Real World Testing/no drone/traffic_garden_center_carpark_087.wav,0,no_drone
Real World Testing/no drone/traffic_garden_center_carpark_088.wav,0,no_drone
Real World Testing/no drone/traffic_garden_center_carpark_089.wav,0,no_drone
Real World Testing/no drone/traffic_garden_center_carpark_090.wav,0,no_drone
Real World Testing/no drone/traffic_garden_center_carpark_091.wav,0,no_drone
Real World Testing/no drone/traffic_garden_center_carpark_092.wav,0,no_drone
Real World Testing/no drone/traffic_garden_center_carpark_093.wav,0,no_drone
Real World Testing/no drone/traffic_garden_center_carpark_094.wav,0,no_drone
Real World Testing/no drone/traffic_garden_center_carpark_095.wav,0,no_drone
Real World Testing/no drone/traffic_garden_center_carpark_096.wav,0,no_drone
Real World Testing/no drone/traffic_garden_center_carpark_097.wav,0,no_drone
Real World Testing/no drone/traffic_garden_center_carpark_098.wav,0,no_drone
Real World Testing/no drone/traffic_garden_center_carpark_099.wav,0,no_drone
Real World Testing/no drone/traffic_garden_center_carpark_100.wav,0,no_drone
Real World Testing/no drone/traffic_garden_center_carpark_101.wav,0,no_drone
Real World Testing/no drone/traffic_garden_center_carpark_102.wav,0,no_drone
Real World Testing/no drone/traffic_garden_center_carpark_103.wav,0,no_drone
Real World Testing/no drone/traffic_garden_center_carpark_104.wav,0,no_drone
Real World Testing/no drone/traffic_garden_center_carpark_105.wav,0,no_drone
Real World Testing/no drone/traffic_garden_center_carpark_106.wav,0,no_drone
Real World Testing/no drone/traffic_garden_center_carpark_107.wav,0,no_drone
Real World Testing/no drone/traffic_garden_center_carpark_108.wav,0,no_drone
Real World Testing/no drone/traffic_garden_center_carpark_109.wav,0,no_drone
Real World Testing/no drone/traffic_garden_center_carpark_110.wav,0,no_drone
Real World Testing/no drone/traffic_garden_center_carpark_111.wav,0,no_drone
Real World Testing/no drone/traffic_garden_center_carpark_112.wav,0,no_drone
Real World Testing/no drone/traffic_garden_center_carpark_113.wav,0,no_drone
Real World Testing/no drone/traffic_garden_center_carpark_114.wav,0,no_drone
Real World Testing/no drone/traffic_garden_center_carpark_115.wav,0,no_drone
Real World Testing/no drone/traffic_garden_center_carpark_116.wav,0,no_drone
Real World Testing/no drone/traffic_garden_center_carpark_117.wav,0,no_drone
Real World Testing/no drone/traffic_garden_center_carpark_118.wav,0,no_drone
Real World Testing/no drone/traffic_garden_center_carpark_119.wav,0,no_drone
Real World Testing/no drone/traffic_garden_center_carpark_120.wav,0,no_drone
Real World Testing/no drone/traffic_garden_center_carpark_121.wav,0,no_drone
Real World Testing/no drone/traffic_garden_center_carpark_122.wav,0,no_drone
Real World Testing/no drone/traffic_garden_center_carpark_123.wav,0,no_drone
Real World Testing/no drone/traffic_garden_center_carpark_124.wav,0,no_drone
Real World Testing/no drone/traffic_garden_center_carpark_125.wav,0,no_drone
Real World Testing/no drone/traffic_garden_center_carpark_126.wav,0,no_drone
Real World Testing/no drone/traffic_garden_center_carpark_127.wav,0,no_drone
Real World Testing/no drone/traffic_garden_center_carpark_128.wav,0,no_drone
Real World Testing/no drone/traffic_garden_center_carpark_129.wav,0,no_drone
Real World Testing/no drone/traffic_garden_center_carpark_130.wav,0,no_drone
Real World Testing/no drone/traffic_garden_center_carpark_131.wav,0,no_drone
Real World Testing/no drone/traffic_garden_center_carpark_132.wav,0,no_drone
Real World Testing/no drone/traffic_garden_center_carpark_133.wav,0,no_drone
Real World Testing/no drone/traffic_garden_center_carpark_134.wav,0,no_drone
Real World Testing/no drone/traffic_garden_center_carpark_135.wav,0,no_drone
Real World Testing/no drone/traffic_garden_center_carpark_136.wav,0,no_drone
Real World Testing/no drone/traffic_garden_center_carpark_137.wav,0,no_drone
Real World Testing/no drone/traffic_garden_center_carpark_138.wav,0,no_drone
Real World Testing/no drone/traffic_garden_center_carpark_139.wav,0,no_drone
Real World Testing/no drone/traffic_garden_center_carpark_140.wav,0,no_drone
Real World Testing/no drone/traffic_garden_center_carpark_141.wav,0,no_drone
Real World Testing/no drone/traffic_garden_center_carpark_142.wav,0,no_drone
Real World Testing/no drone/traffic_garden_center_carpark_143.wav,0,no_drone
Real World Testing/no drone/traffic_garden_center_carpark_144.wav,0,no_drone
Real World Testing/no drone/traffic_garden_center_carpark_145.wav,0,no_drone
Real World Testing/no drone/traffic_garden_center_carpark_146.wav,0,no_drone
Real World Testing/no drone/traffic_garden_center_carpark_147.wav,0,no_drone
Real World Testing/no drone/traffic_garden_center_carpark_148.wav,0,no_drone
Real World Testing/no drone/traffic_garden_center_carpark_149.wav,0,no_drone
Real World Testing/no drone/traffic_garden_center_carpark_150.wav,0,no_drone
Real World Testing/no drone/traffic_garden_center_carpark_151.wav,0,no_drone
Real World Testing/no drone/traffic_garden_center_carpark_152.wav,0,no_drone
Real World Testing/no drone/traffic_garden_center_carpark_153.wav,0,no_drone
Real World Testing/no drone/traffic_garden_center_carpark_154.wav,0,no_drone
Real World Testing/no drone/traffic_garden_center_carpark_155.wav,0,no_drone
Real World Testing/no drone/traffic_garden_center_carpark_156.wav,0,no_drone
Real World Testing/no drone/traffic_garden_center_carpark_157.wav,0,no_drone
Real World Testing/no drone/traffic_garden_center_carpark_158.wav,0,no_drone
Real World Testing/no drone/traffic_garden_center_carpark_159.wav,0,no_drone
Real World Testing/no drone/traffic_garden_center_carpark_160.wav,0,no_drone
Real World Testing/no drone/traffic_garden_center_carpark_161.wav,0,no_drone
Real World Testing/no drone/traffic_garden_center_carpark_162.wav,0,no_drone
Real World Testing/no drone/traffic_garden_center_carpark_163.wav,0,no_drone
Real World Testing/no drone/traffic_garden_center_carpark_164.wav,0,no_drone
Real World Testing/no drone/traffic_garden_center_carpark_165.wav,0,no_drone
Real World Testing/no drone/traffic_garden_center_carpark_166.wav,0,no_drone
Real World Testing/no drone/traffic_garden_center_carpark_167.wav,0,no_drone
Real World Testing/no drone/traffic_garden_center_carpark_168.wav,0,no_drone
Real World Testing/no drone/traffic_garden_center_carpark_169.wav,0,no_drone
Real World Testing/no drone/traffic_garden_center_carpark_170.wav,0,no_drone
Real World Testing/no drone/traffic_garden_center_carpark_171.wav,0,no_drone
Real World Testing/no drone/traffic_garden_center_carpark_172.wav,0,no_drone
Real World Testing/no drone/traffic_garden_center_carpark_173.wav,0,no_drone
Real World Testing/no drone/traffic_garden_center_carpark_174.wav,0,no_drone
Real World Testing/no drone/traffic_garden_center_carpark_175.wav,0,no_drone
Real World Testing/no drone/traffic_garden_center_carpark_176.wav,0,no_drone
Real World Testing/no drone/traffic_garden_center_carpark_177.wav,0,no_drone
Real World Testing/no drone/traffic_garden_center_carpark_178.wav,0,no_drone
Real World Testing/no drone/traffic_garden_center_carpark_179.wav,0,no_drone
Real World Testing/no drone/traffic_garden_center_carpark_180.wav,0,no_drone
Real World Testing/no drone/traffic_garden_center_carpark_181.wav,0,no_drone
Real World Testing/no drone/traffic_garden_center_carpark_182.wav,0,no_drone
Real World Testing/no drone/traffic_garden_center_carpark_183.wav,0,no_drone
Real World Testing/no drone/traffic_garden_center_carpark_184.wav,0,no_drone
Real World Testing/no drone/traffic_garden_center_carpark_185.wav,0,no_drone
Real World Testing/no drone/traffic_garden_center_carpark_186.wav,0,no_drone
Real World Testing/no drone/traffic_garden_center_carpark_187.wav,0,no_drone
Real World Testing/no drone/traffic_garden_center_carpark_188.wav,0,no_drone
Real World Testing/no drone/traffic_garden_center_carpark_189.wav,0,no_drone
Real World Testing/no drone/traffic_garden_center_carpark_190.wav,0,no_drone
Real World Testing/no drone/traffic_garden_center_carpark_191.wav,0,no_drone
Real World Testing/no drone/traffic_garden_center_carpark_192.wav,0,no_drone
Real World Testing/no drone/traffic_garden_center_carpark_193.wav,0,no_drone
Real World Testing/no drone/traffic_garden_center_carpark_194.wav,0,no_drone
Real World Testing/no drone/traffic_garden_center_carpark_195.wav,0,no_drone
Real World Testing/no drone/traffic_garden_center_carpark_196.wav,0,no_drone
Real World Testing/no drone/traffic_garden_center_carpark_197.wav,0,no_drone
Real World Testing/no drone/traffic_garden_center_carpark_198.wav,0,no_drone
Real World Testing/no drone/traffic_garden_center_carpark_199.wav,0,no_drone
Real World Testing/no drone/traffic_garden_center_carpark_200.wav,0,no_drone
Real World Testing/no drone/traffic_garden_center_carpark_201.wav,0,no_drone
Real World Testing/no drone/traffic_garden_center_carpark_202.wav,0,no_drone
Real World Testing/no drone/traffic_garden_center_carpark_203.wav,0,no_drone
Real World Testing/no drone/traffic_garden_center_carpark_204.wav,0,no_drone
Real World Testing/no drone/traffic_garden_center_carpark_205.wav,0,no_drone
Real World Testing/no drone/traffic_garden_center_carpark_206.wav,0,no_drone
Real World Testing/no drone/traffic_garden_center_carpark_207.wav,0,no_drone
Real World Testing/no drone/traffic_garden_center_carpark_208.wav,0,no_drone
Real World Testing/no drone/traffic_garden_center_carpark_209.wav,0,no_drone
Real World Testing/no drone/traffic_garden_center_carpark_210.wav,0,no_drone
Real World Testing/no drone/traffic_garden_center_carpark_211.wav,0,no_drone
Real World Testing/no drone/traffic_garden_center_carpark_212.wav,0,no_drone
Real World Testing/no drone/traffic_garden_center_carpark_213.wav,0,no_drone
Real World Testing/no drone/traffic_garden_center_carpark_214.wav,0,no_drone
Real World Testing/no drone/traffic_garden_center_carpark_215.wav,0,no_drone
Real World Testing/no drone/traffic_garden_center_carpark_216.wav,0,no_drone
Real World Testing/no drone/traffic_garden_center_carpark_217.wav,0,no_drone
Real World Testing/no drone/traffic_garden_center_carpark_218.wav,0,no_drone
Real World Testing/no drone/traffic_garden_center_carpark_219.wav,0,no_drone
Real World Testing/no drone/traffic_garden_center_carpark_220.wav,0,no_drone
Real World Testing/no drone/traffic_garden_center_carpark_221.wav,0,no_drone
Real World Testing/no drone/traffic_garden_center_carpark_222.wav,0,no_drone
Real World Testing/no drone/traffic_garden_center_carpark_223.wav,0,no_drone
Real World Testing/no drone/traffic_garden_center_carpark_224.wav,0,no_drone
Real World Testing/no drone/traffic_garden_center_carpark_225.wav,0,no_drone
Real World Testing/no drone/traffic_garden_center_carpark_226.wav,0,no_drone
Real World Testing/no drone/traffic_garden_center_carpark_227.wav,0,no_drone
Real World Testing/no drone/traffic_garden_center_carpark_228.wav,0,no_drone
Real World Testing/no drone/traffic_garden_center_carpark_229.wav,0,no_drone
Real World Testing/no drone/traffic_garden_center_carpark_230.wav,0,no_drone
Real World Testing/no drone/traffic_garden_center_carpark_231.wav,0,no_drone
Real World Testing/no drone/traffic_garden_center_carpark_232.wav,0,no_drone
Real World Testing/no drone/traffic_garden_center_carpark_233.wav,0,no_drone
Real World Testing/no drone/traffic_garden_center_carpark_234.wav,0,no_drone
Real World Testing/no drone/traffic_garden_center_carpark_235.wav,0,no_drone
Real World Testing/no drone/traffic_garden_center_carpark_236.wav,0,no_drone
Real World Testing/no drone/traffic_garden_center_carpark_237.wav,0,no_drone
Real World Testing/no drone/traffic_garden_center_carpark_238.wav,0,no_drone
Real World Testing/no drone/traffic_garden_center_carpark_239.wav,0,no_drone
Real World Testing/no drone/traffic_garden_center_carpark_240.wav,0,no_drone
Real World Testing/no drone/traffic_garden_center_carpark_241.wav,0,no_drone
Real World Testing/no drone/traffic_garden_center_carpark_242.wav,0,no_drone
Real World Testing/no drone/traffic_garden_center_carpark_243.wav,0,no_drone
Real World Testing/no drone/traffic_garden_center_carpark_244.wav,0,no_drone
Real World Testing/no drone/traffic_garden_center_carpark_245.wav,0,no_drone
Real World Testing/no drone/traffic_garden_center_carpark_246.wav,0,no_drone
Real World Testing/no drone/traffic_garden_center_carpark_247.wav,0,no_drone
Real World Testing/no drone/traffic_garden_center_carpark_248.wav,0,no_drone
Real World Testing/no drone/traffic_garden_center_carpark_249.wav,0,no_drone
Real World Testing/no drone/traffic_garden_center_carpark_250.wav,0,no_drone
Real World Testing/no drone/traffic_garden_center_carpark_251.wav,0,no_drone
Real World Testing/no drone/traffic_garden_center_carpark_252.wav,0,no_drone
Real World Testing/no drone/traffic_garden_center_carpark_253.wav,0,no_drone
Real World Testing/no drone/traffic_garden_center_carpark_254.wav,0,no_drone
Real World Testing/no drone/traffic_garden_center_carpark_255.wav,0,no_drone
Real World Testing/no drone/traffic_garden_center_carpark_256.wav,0,no_drone
Real World Testing/no drone/traffic_garden_center_carpark_257.wav,0,no_drone
Real World Testing/no drone/traffic_garden_center_carpark_258.wav,0,no_drone
Real World Testing/no drone/traffic_garden_center_carpark_259.wav,0,no_drone
Real World Testing/no drone/traffic_garden_center_carpark_260.wav,0,no_drone
Real World Testing/no drone/traffic_garden_center_carpark_261.wav,0,no_drone
Real World Testing/no drone/traffic_garden_center_carpark_262.wav,0,no_drone
Real World Testing/no drone/traffic_garden_center_carpark_263.wav,0,no_drone
Real World Testing/no drone/traffic_garden_center_carpark_264.wav,0,no_drone
Real World Testing/no drone/traffic_garden_center_carpark_265.wav,0,no_drone
Real World Testing/no drone/traffic_garden_center_carpark_266.wav,0,no_drone
Real World Testing/no drone/traffic_garden_center_carpark_267.wav,0,no_drone
Real World Testing/no drone/traffic_garden_center_carpark_268.wav,0,no_drone
Real World Testing/no drone/traffic_garden_center_carpark_269.wav,0,no_drone
Real World Testing/no drone/traffic_garden_center_carpark_270.wav,0,no_drone
Real World Testing/no drone/traffic_garden_center_carpark_271.wav,0,no_drone
Real World Testing/no drone/traffic_garden_center_carpark_272.wav,0,no_drone
Real World Testing/no drone/traffic_garden_center_carpark_273.wav,0,no_drone
Real World Testing/no drone/traffic_garden_center_carpark_274.wav,0,no_drone
Real World Testing/no drone/traffic_garden_center_carpark_275.wav,0,no_drone
Real World Testing/no drone/traffic_garden_center_carpark_276.wav,0,no_drone
Real World Testing/no drone/traffic_garden_center_carpark_277.wav,0,no_drone
Real World Testing/no drone/traffic_garden_center_carpark_278.wav,0,no_drone
Real World Testing/no drone/traffic_garden_center_carpark_279.wav,0,no_drone
Real World Testing/no drone/traffic_garden_center_carpark_280.wav,0,no_drone
Real World Testing/no drone/traffic_garden_center_carpark_281.wav,0,no_drone
Real World Testing/no drone/traffic_garden_center_carpark_282.wav,0,no_drone
Real World Testing/no drone/traffic_garden_center_carpark_283.wav,0,no_drone
Real World Testing/no drone/traffic_garden_center_carpark_284.wav,0,no_drone
